filename,file_ok,path,lat,lon,alt_m,focal_mm,sensor_w_mm,timestamp,camera_make,camera_model,image_w,image_h,blur_score,is_blurry,brightness_mean,brightness_std,underexposed,overexposed,has_gps,has_altitude,has_focal
DSC00229.JPG,True,data/raw/odm_samples/aukerman/images/DSC00229.JPG,41.30382155555555,-81.75046644444444,346.315,4.45,,2016:06:29 10:47:04,SONY,DSC-WX220,4896,3672,168.59454345703125,False,126.8713150024414,40.12091064453125,False,False,True,True,True
DSC00230.JPG,True,data/raw/odm_samples/aukerman/images/DSC00230.JPG,41.30419086111111,-81.75048794444444,344.956,4.45,,2016:06:29 10:47:08,SONY,DSC-WX220,4896,3672,279.55426025390625,False,128.06985473632812,40.43052673339844,False,False,True,True,True
DSC00232.JPG,True,data/raw/odm_samples/aukerman/images/DSC00232.JPG,41.30479855555555,-81.75125163888889,343.835,4.45,,2016:06:29 10:47:21,SONY,DSC-WX220,4896,3672,154.03347778320312,False,130.42239379882812,42.47294616699219,False,False,True,True,True
DSC00233.JPG,True,data/raw/odm_samples/aukerman/images/DSC00233.JPG,41.30482825,-81.75177575,346.66,4.45,,2016:06:29 10:47:25,SONY,DSC-WX220,4896,3672,235.99868774414062,False,127.64888000488281,48.5487174987793,False,False,True,True,True
DSC00234.JPG,True,data/raw/odm_samples/aukerman/images/DSC00234.JPG,41.30475575,-81.75229488888888,345.157,4.45,,2016:06:29 10:47:29,SONY,DSC-WX220,4896,3672,228.86325073242188,False,113.06319427490234,51.25836181640625,False,False,True,True,True
DSC00235.JPG,True,data/raw/odm_samples/aukerman/images/DSC00235.JPG,41.304764972222216,-81.75280272222223,346.765,4.45,,2016:06:29 10:47:33,SONY,DSC-WX220,4896,3672,212.4480743408203,False,120.671875,46.67011260986328,False,False,True,True,True
DSC00236.JPG,True,data/raw/odm_samples/aukerman/images/DSC00236.JPG,41.304789944444444,-81.75332866666666,347.083,4.45,,2016:06:29 10:47:37,SONY,DSC-WX220,4896,3672,251.57229614257812,False,115.08993530273438,52.2674446105957,False,False,True,True,True
DSC00237.JPG,True,data/raw/odm_samples/aukerman/images/DSC00237.JPG,41.30396372222222,-81.75389588888889,341.525,4.45,,2016:06:29 10:47:46,SONY,DSC-WX220,4896,3672,169.3757781982422,False,107.40010833740234,39.31829833984375,False,False,True,True,True
DSC00238.JPG,True,data/raw/odm_samples/aukerman/images/DSC00238.JPG,41.30340777777778,-81.75298827777777,341.252,4.45,,2016:06:29 10:47:54,SONY,DSC-WX220,4896,3672,146.0283660888672,False,131.6293487548828,45.50839614868164,False,False,True,True,True
DSC00239.JPG,True,data/raw/odm_samples/aukerman/images/DSC00239.JPG,41.30342511111111,-81.7523136388889,342.956,4.45,,2016:06:29 10:47:58,SONY,DSC-WX220,4896,3672,165.2594757080078,False,123.59235382080078,46.25642013549805,False,False,True,True,True
DSC00240.JPG,True,data/raw/odm_samples/aukerman/images/DSC00240.JPG,41.30348025,-81.7517445,344.061,4.45,,2016:06:29 10:48:02,SONY,DSC-WX220,4896,3672,174.1646728515625,False,121.85131072998047,43.05169677734375,False,False,True,True,True
DSC00241.JPG,True,data/raw/odm_samples/aukerman/images/DSC00241.JPG,41.30350397222222,-81.75118988888889,344.234,4.45,,2016:06:29 10:48:05,SONY,DSC-WX220,4896,3672,136.68313598632812,False,125.77985382080078,41.20977783203125,False,False,True,True,True
DSC00242.JPG,True,data/raw/odm_samples/aukerman/images/DSC00242.JPG,41.30396919444444,-81.75079091666667,343.792,4.45,,2016:06:29 10:48:13,SONY,DSC-WX220,4896,3672,221.80886840820312,False,122.7972183227539,49.19453430175781,False,False,True,True,True
DSC00243.JPG,True,data/raw/odm_samples/aukerman/images/DSC00243.JPG,41.304335277777774,-81.75080722222222,341.077,4.45,,2016:06:29 10:48:18,SONY,DSC-WX220,4896,3672,166.47752380371094,False,120.5307388305664,41.99400329589844,False,False,True,True,True
DSC00244.JPG,True,data/raw/odm_samples/aukerman/images/DSC00244.JPG,41.30458377777777,-81.75160305555555,343.204,4.45,,2016:06:29 10:48:25,SONY,DSC-WX220,4896,3672,100.17874145507812,False,133.331787109375,46.52135467529297,False,False,True,True,True
DSC00246.JPG,True,data/raw/odm_samples/aukerman/images/DSC00246.JPG,41.304565277777776,-81.75261647222223,346.458,4.45,,2016:06:29 10:48:33,SONY,DSC-WX220,4896,3672,138.1709442138672,False,122.23110961914062,41.1284065246582,False,False,True,True,True
DSC00247.JPG,True,data/raw/odm_samples/aukerman/images/DSC00247.JPG,41.304545194444444,-81.75312686111111,348.357,4.45,,2016:06:29 10:48:37,SONY,DSC-WX220,4896,3672,72.51424407958984,True,104.6945571899414,38.96603012084961,False,False,True,True,True
DSC00249.JPG,True,data/raw/odm_samples/aukerman/images/DSC00249.JPG,41.30362916666667,-81.75187369444444,345.253,4.45,,2016:06:29 10:48:59,SONY,DSC-WX220,4896,3672,73.1015853881836,True,129.11915588378906,29.17427635192871,False,False,True,True,True
DSC00251.JPG,True,data/raw/odm_samples/aukerman/images/DSC00251.JPG,41.30442627777777,-81.75180997222222,339.899,4.45,,2016:06:29 10:49:17,SONY,DSC-WX220,4896,3672,87.03543090820312,False,129.61410522460938,35.333587646484375,False,False,True,True,True
DSC00252.JPG,True,data/raw/odm_samples/aukerman/images/DSC00252.JPG,41.30437791666667,-81.7522945,341.061,4.45,,2016:06:29 10:49:20,SONY,DSC-WX220,4896,3672,77.65100860595703,True,121.2212142944336,26.56084632873535,False,False,True,True,True
DSC00253.JPG,True,data/raw/odm_samples/aukerman/images/DSC00253.JPG,41.30440425,-81.75284061111111,340.492,4.45,,2016:06:29 10:49:24,SONY,DSC-WX220,4896,3672,88.0040512084961,False,118.58616638183594,37.471405029296875,False,False,True,True,True
DSC00254.JPG,True,data/raw/odm_samples/aukerman/images/DSC00254.JPG,41.303713027777775,-81.75253755555555,341.123,4.45,,2016:06:29 10:49:36,SONY,DSC-WX220,4896,3672,83.33524322509766,False,129.7700653076172,28.716951370239258,False,False,True,True,True
DSC00255.JPG,True,data/raw/odm_samples/aukerman/images/DSC00255.JPG,41.303788472222216,-81.75204805555556,341.924,4.45,,2016:06:29 10:49:40,SONY,DSC-WX220,4896,3672,92.01097869873047,False,127.46675872802734,25.129602432250977,False,False,True,True,True
DSC00256.JPG,True,data/raw/odm_samples/aukerman/images/DSC00256.JPG,41.30384905555555,-81.75156038888889,341.482,4.45,,2016:06:29 10:49:44,SONY,DSC-WX220,4896,3672,139.04901123046875,False,126.07231903076172,26.000019073486328,False,False,True,True,True
DSC00257.JPG,True,data/raw/odm_samples/aukerman/images/DSC00257.JPG,41.30394711111111,-81.75103186111112,341.427,4.45,,2016:06:29 10:49:48,SONY,DSC-WX220,4896,3672,203.68296813964844,False,121.49324035644531,33.70408248901367,False,False,True,True,True
DSC00258.JPG,True,data/raw/odm_samples/aukerman/images/DSC00258.JPG,41.304233749999995,-81.75128905555556,343.547,4.45,,2016:06:29 10:50:00,SONY,DSC-WX220,4896,3672,115.42466735839844,False,133.09564208984375,31.65837860107422,False,False,True,True,True
DSC00259.JPG,True,data/raw/odm_samples/aukerman/images/DSC00259.JPG,41.30423425,-81.75188219444445,344.877,4.45,,2016:06:29 10:50:04,SONY,DSC-WX220,4896,3672,70.96379089355469,True,126.40861511230469,34.58718490600586,False,False,True,True,True
DSC00260.JPG,True,data/raw/odm_samples/aukerman/images/DSC00260.JPG,41.30417958333333,-81.7524315,343.881,4.45,,2016:06:29 10:50:08,SONY,DSC-WX220,4896,3672,67.138427734375,True,126.84033203125,30.997299194335938,False,False,True,True,True
DSC00261.JPG,True,data/raw/odm_samples/aukerman/images/DSC00261.JPG,41.30416036111111,-81.75295566666667,344.167,4.45,,2016:06:29 10:50:11,SONY,DSC-WX220,4896,3672,78.06224060058594,True,120.36581420898438,32.84379577636719,False,False,True,True,True
DSC00263.JPG,True,data/raw/odm_samples/aukerman/images/DSC00263.JPG,41.30394758333333,-81.75192166666666,342.4,4.45,,2016:06:29 10:50:26,SONY,DSC-WX220,4896,3672,100.13774108886719,False,128.07943725585938,25.480632781982422,False,False,True,True,True
DSC00264.JPG,True,data/raw/odm_samples/aukerman/images/DSC00264.JPG,41.30391725,-81.7524201111111,340.872,4.45,,2016:06:29 10:50:40,SONY,DSC-WX220,4896,3672,175.2407989501953,False,119.01451110839844,24.253923416137695,False,False,True,True,True
DSC00265.JPG,True,data/raw/odm_samples/aukerman/images/DSC00265.JPG,41.303890805555554,-81.75258511111112,342.668,4.45,,2016:06:29 10:50:57,SONY,DSC-WX220,4896,3672,79.53955841064453,True,122.1544418334961,29.12944984436035,False,False,True,True,True
DSC00267.JPG,True,data/raw/odm_samples/aukerman/images/DSC00267.JPG,41.303954777777776,-81.75361069444445,345.784,4.45,,2016:06:29 10:51:05,SONY,DSC-WX220,4896,3672,156.73915100097656,False,109.7169189453125,42.152801513671875,False,False,True,True,True
DSC00268.JPG,True,data/raw/odm_samples/aukerman/images/DSC00268.JPG,41.30383602777778,-81.75045097222223,342.426,4.45,,2016:06:29 11:00:02,SONY,DSC-WX220,4896,3672,191.07318115234375,False,124.39592742919922,37.691314697265625,False,False,True,True,True
DSC00269.JPG,True,data/raw/odm_samples/aukerman/images/DSC00269.JPG,41.30419552777777,-81.75050622222223,343.176,4.45,,2016:06:29 11:00:07,SONY,DSC-WX220,4896,3672,326.36279296875,False,125.6688461303711,36.583831787109375,False,False,True,True,True
DSC00270.JPG,True,data/raw/odm_samples/aukerman/images/DSC00270.JPG,41.30454727777777,-81.75049555555556,343.119,4.45,,2016:06:29 11:00:11,SONY,DSC-WX220,4896,3672,119.09400939941406,False,124.1241683959961,32.27456283569336,False,False,True,True,True
DSC00271.JPG,True,data/raw/odm_samples/aukerman/images/DSC00271.JPG,41.30482441666666,-81.75121966666667,344.397,4.45,,2016:06:29 11:00:19,SONY,DSC-WX220,4896,3672,120.50550842285156,False,122.38264465332031,34.493194580078125,False,False,True,True,True
DSC00272.JPG,True,data/raw/odm_samples/aukerman/images/DSC00272.JPG,41.30479583333333,-81.75173227777778,344.069,4.45,,2016:06:29 11:00:23,SONY,DSC-WX220,4896,3672,221.731201171875,False,125.65970611572266,40.77970504760742,False,False,True,True,True
DSC00273.JPG,True,data/raw/odm_samples/aukerman/images/DSC00273.JPG,41.30480216666666,-81.75221522222222,341.268,4.45,,2016:06:29 11:00:27,SONY,DSC-WX220,4896,3672,198.55511474609375,False,126.38187408447266,41.03677749633789,False,False,True,True,True
DSC00274.JPG,True,data/raw/odm_samples/aukerman/images/DSC00274.JPG,41.30476102777777,-81.75272516666666,340.963,4.45,,2016:06:29 11:00:31,SONY,DSC-WX220,4896,3672,78.54685974121094,True,124.5535888671875,40.61690902709961,False,False,True,True,True
DSC00275.JPG,True,data/raw/odm_samples/aukerman/images/DSC00275.JPG,41.30476841666666,-81.7532261111111,340.284,4.45,,2016:06:29 11:00:35,SONY,DSC-WX220,4896,3672,100.1517562866211,False,120.93243408203125,41.978759765625,False,False,True,True,True
DSC00276.JPG,True,data/raw/odm_samples/aukerman/images/DSC00276.JPG,41.304716138888885,-81.75371608333333,341.171,4.45,,2016:06:29 11:00:38,SONY,DSC-WX220,4896,3672,130.31781005859375,False,106.55438995361328,41.941802978515625,False,False,True,True,True
DSC00277.JPG,True,data/raw/odm_samples/aukerman/images/DSC00277.JPG,41.304043666666665,-81.75395619444444,340.463,4.45,,2016:06:29 11:00:44,SONY,DSC-WX220,4896,3672,148.5263671875,False,111.6902084350586,41.29768753051758,False,False,True,True,True
DSC00278.JPG,True,data/raw/odm_samples/aukerman/images/DSC00278.JPG,41.303498527777776,-81.753889,339.912,4.45,,2016:06:29 11:00:48,SONY,DSC-WX220,4896,3672,93.4243392944336,False,111.32192993164062,44.33835220336914,False,False,True,True,True
DSC00279.JPG,True,data/raw/odm_samples/aukerman/images/DSC00279.JPG,41.303422,-81.75316616666667,339.615,4.45,,2016:06:29 11:00:54,SONY,DSC-WX220,4896,3672,87.54937744140625,False,123.6761245727539,37.05277633666992,False,False,True,True,True
DSC00280.JPG,True,data/raw/odm_samples/aukerman/images/DSC00280.JPG,41.30342397222222,-81.75265208333333,340.463,4.45,,2016:06:29 11:00:58,SONY,DSC-WX220,4896,3672,118.18607330322266,False,127.95722198486328,34.326175689697266,False,False,True,True,True
DSC00281.JPG,True,data/raw/odm_samples/aukerman/images/DSC00281.JPG,41.30343686111111,-81.75212569444444,338.793,4.45,,2016:06:29 11:01:02,SONY,DSC-WX220,4896,3672,170.57485961914062,False,124.1500015258789,38.370487213134766,False,False,True,True,True
DSC00282.JPG,True,data/raw/odm_samples/aukerman/images/DSC00282.JPG,41.30347477777777,-81.75161908333334,338.813,4.45,,2016:06:29 11:01:06,SONY,DSC-WX220,4896,3672,99.16515350341797,False,126.17155456542969,30.18577003479004,False,False,True,True,True
DSC00283.JPG,True,data/raw/odm_samples/aukerman/images/DSC00283.JPG,41.30349361111111,-81.75111316666667,339.037,4.45,,2016:06:29 11:01:09,SONY,DSC-WX220,4896,3672,177.94313049316406,False,123.23206329345703,36.562191009521484,False,False,True,True,True
DSC00284.JPG,True,data/raw/odm_samples/aukerman/images/DSC00284.JPG,41.304014055555555,-81.75077455555555,339.438,4.45,,2016:06:29 11:01:17,SONY,DSC-WX220,4896,3672,101.7560043334961,False,128.73410034179688,33.089847564697266,False,False,True,True,True
DSC00285.JPG,True,data/raw/odm_samples/aukerman/images/DSC00285.JPG,41.30436233333333,-81.75080133333333,340.333,4.45,,2016:06:29 11:01:21,SONY,DSC-WX220,4896,3672,124.03202819824219,False,127.53746032714844,32.7922248840332,False,False,True,True,True
DSC00286.JPG,True,data/raw/odm_samples/aukerman/images/DSC00286.JPG,41.304599499999995,-81.75153761111112,339.613,4.45,,2016:06:29 11:01:28,SONY,DSC-WX220,4896,3672,170.4142608642578,False,128.0480499267578,36.63472366333008,False,False,True,True,True
DSC00287.JPG,True,data/raw/odm_samples/aukerman/images/DSC00287.JPG,41.30459336111111,-81.75209261111111,337.38,4.45,,2016:06:29 11:01:32,SONY,DSC-WX220,4896,3672,156.81277465820312,False,120.3709945678711,38.63711929321289,False,False,True,True,True
DSC00288.JPG,True,data/raw/odm_samples/aukerman/images/DSC00288.JPG,41.30456094444444,-81.7526385,340.945,4.45,,2016:06:29 11:01:36,SONY,DSC-WX220,4896,3672,116.57378387451172,False,124.90660095214844,37.706058502197266,False,False,True,True,True
DSC00289.JPG,True,data/raw/odm_samples/aukerman/images/DSC00289.JPG,41.30455377777778,-81.75313788888889,343.726,4.45,,2016:06:29 11:01:40,SONY,DSC-WX220,4896,3672,110.4102783203125,False,105.45578002929688,42.32130813598633,False,False,True,True,True
DSC00290.JPG,True,data/raw/odm_samples/aukerman/images/DSC00290.JPG,41.30369177777777,-81.75359097222223,340.044,4.45,,2016:06:29 11:01:50,SONY,DSC-WX220,4896,3672,85.21800231933594,False,125.88064575195312,35.53561019897461,False,False,True,True,True
DSC00291.JPG,True,data/raw/odm_samples/aukerman/images/DSC00291.JPG,41.30360641666666,-81.75288880555556,338.335,4.45,,2016:06:29 11:01:56,SONY,DSC-WX220,4896,3672,87.31884765625,False,128.86032104492188,35.06633758544922,False,False,True,True,True
DSC00292.JPG,True,data/raw/odm_samples/aukerman/images/DSC00292.JPG,41.30358730555555,-81.75231994444445,340.109,4.45,,2016:06:29 11:01:59,SONY,DSC-WX220,4896,3672,94.44939422607422,False,126.9090805053711,29.909202575683594,False,False,True,True,True
DSC00293.JPG,True,data/raw/odm_samples/aukerman/images/DSC00293.JPG,41.30363386111111,-81.75178108333333,341.2,4.45,,2016:06:29 11:02:03,SONY,DSC-WX220,4896,3672,130.989990234375,False,127.63489532470703,28.713396072387695,False,False,True,True,True
DSC00294.JPG,True,data/raw/odm_samples/aukerman/images/DSC00294.JPG,41.30368386111111,-81.75127888888889,340.891,4.45,,2016:06:29 11:02:07,SONY,DSC-WX220,4896,3672,73.43016052246094,True,119.98726654052734,29.292709350585938,False,False,True,True,True
DSC00295.JPG,True,data/raw/odm_samples/aukerman/images/DSC00295.JPG,41.30442011111111,-81.75183855555555,339.307,4.45,,2016:06:29 11:02:20,SONY,DSC-WX220,4896,3672,98.00955200195312,False,121.75633239746094,34.98416519165039,False,False,True,True,True
DSC00296.JPG,True,data/raw/odm_samples/aukerman/images/DSC00296.JPG,41.30437186111111,-81.75234461111111,341.207,4.45,,2016:06:29 11:02:24,SONY,DSC-WX220,4896,3672,80.91282653808594,False,124.26374816894531,28.08112335205078,False,False,True,True,True
DSC00297.JPG,True,data/raw/odm_samples/aukerman/images/DSC00297.JPG,41.304365222222216,-81.75286333333334,343.766,4.45,,2016:06:29 11:02:27,SONY,DSC-WX220,4896,3672,142.14939880371094,False,109.1072769165039,39.580169677734375,False,False,True,True,True
DSC00298.JPG,True,data/raw/odm_samples/aukerman/images/DSC00298.JPG,41.303721055555556,-81.7525345,340.667,4.45,,2016:06:29 11:02:40,SONY,DSC-WX220,4896,3672,192.17190551757812,False,131.05599975585938,30.901796340942383,False,False,True,True,True
DSC00299.JPG,True,data/raw/odm_samples/aukerman/images/DSC00299.JPG,41.30377983333333,-81.75201736111111,341.222,4.45,,2016:06:29 11:02:44,SONY,DSC-WX220,4896,3672,125.58998107910156,False,128.4923553466797,24.63562774658203,False,False,True,True,True
DSC00300.JPG,True,data/raw/odm_samples/aukerman/images/DSC00300.JPG,41.30386972222222,-81.75150825,341.683,4.45,,2016:06:29 11:02:48,SONY,DSC-WX220,4896,3672,163.84054565429688,False,122.27391052246094,26.631114959716797,False,False,True,True,True
DSC00301.JPG,True,data/raw/odm_samples/aukerman/images/DSC00301.JPG,41.30393816666666,-81.75098730555555,340.336,4.45,,2016:06:29 11:02:51,SONY,DSC-WX220,4896,3672,152.7494659423828,False,123.41868591308594,32.07755661010742,False,False,True,True,True
DSC00302.JPG,True,data/raw/odm_samples/aukerman/images/DSC00302.JPG,41.30427341666666,-81.75116058333333,340.216,4.45,,2016:06:29 11:03:02,SONY,DSC-WX220,4896,3672,87.4251480102539,False,128.43328857421875,28.134092330932617,False,False,True,True,True
DSC00303.JPG,True,data/raw/odm_samples/aukerman/images/DSC00303.JPG,41.30427730555555,-81.75169216666667,341.629,4.45,,2016:06:29 11:03:06,SONY,DSC-WX220,4896,3672,79.73863983154297,True,133.6649932861328,25.76671028137207,False,False,True,True,True
DSC00304.JPG,True,data/raw/odm_samples/aukerman/images/DSC00304.JPG,41.304193166666664,-81.75221341666666,343.973,4.45,,2016:06:29 11:03:10,SONY,DSC-WX220,4896,3672,90.00704193115234,False,125.86575317382812,28.86642837524414,False,False,True,True,True
DSC00305.JPG,True,data/raw/odm_samples/aukerman/images/DSC00305.JPG,41.30414369444444,-81.75270958333333,342.815,4.45,,2016:06:29 11:03:15,SONY,DSC-WX220,4896,3672,91.45551300048828,False,126.5501708984375,32.386653900146484,False,False,True,True,True
DSC00306.JPG,True,data/raw/odm_samples/aukerman/images/DSC00306.JPG,41.303763,-81.75235080555555,340.419,4.45,,2016:06:29 11:03:27,SONY,DSC-WX220,4896,3672,71.07366943359375,True,129.08822631835938,25.1326904296875,False,False,True,True,True
DSC00307.JPG,True,data/raw/odm_samples/aukerman/images/DSC00307.JPG,41.30393677777778,-81.75192494444444,341.13,4.45,,2016:06:29 11:03:32,SONY,DSC-WX220,4896,3672,131.67208862304688,False,127.78711700439453,22.461196899414062,False,False,True,True,True
DSC00308.JPG,True,data/raw/odm_samples/aukerman/images/DSC00308.JPG,41.30394586111111,-81.75241283333334,338.915,4.45,,2016:06:29 11:03:48,SONY,DSC-WX220,4896,3672,46.93058776855469,True,127.1490707397461,20.384876251220703,False,False,True,True,True
DSC00309.JPG,True,data/raw/odm_samples/aukerman/images/DSC00309.JPG,41.30391622222222,-81.7523976388889,340.609,4.45,,2016:06:29 11:04:05,SONY,DSC-WX220,4896,3672,118.77960205078125,False,125.82643127441406,27.477914810180664,False,False,True,True,True
DSC00310.JPG,True,data/raw/odm_samples/aukerman/images/DSC00310.JPG,41.30388113888888,-81.75287997222222,341.411,4.45,,2016:06:29 11:04:10,SONY,DSC-WX220,4896,3672,50.7961540222168,True,128.23577880859375,29.757993698120117,False,False,True,True,True
DSC00311.JPG,True,data/raw/odm_samples/aukerman/images/DSC00311.JPG,41.30394366666666,-81.75337819444445,342.679,4.45,,2016:06:29 11:04:14,SONY,DSC-WX220,4896,3672,151.84182739257812,False,115.89777374267578,40.48467254638672,False,False,True,True,True
