Dataset,Camera,Category,Author,Organisation/Project,Source,Dataset link,Images,Size in GB (est.),Ground Truth,License,License link,SampleImage,Image Format,DOI,Masks,Description
AvignonHotelDesMonnaies,Canon EOS 5D Mark II,Building,Romuald Perrot rperrot,,https://github.com/rperrot/ReconstructionDataSet,https://github.com/rperrot/ReconstructionDataSet/tree/master/AvignonHotelDesMonnaies,11,"0,176",no,Attribution-NonCommercial 3.0 Unported,https://github.com/rperrot/ReconstructionDataSet/blob/master/LICENSE,https://github.com/rperrot/ReconstructionDataSet/blob/master/AvignonHotelDesMonnaies/DPP_0001.JPG,JPG,,,Hotel des Monnaies facade building in Avignon (France)
BoutevilleWindowDetail,Canon EOS 5D Mark II,Building,Romuald Perrot rperrot,,https://github.com/rperrot/ReconstructionDataSet,https://github.com/rperrot/ReconstructionDataSet/tree/master/BoutevilleWindowDetail,26,"0,416",no,Attribution-NonCommercial 3.0 Unported,https://github.com/rperrot/ReconstructionDataSet/blob/master/LICENSE,https://github.com/rperrot/ReconstructionDataSet/blob/master/BoutevilleWindowDetail/DPP_0785.JPG,JPG,,,Upper window detail of Bouteville Castle (France)
BurgosPuertaDeLaCoroneria,Canon EOS 5D Mark II,Building,Romuald Perrot rperrot,,https://github.com/rperrot/ReconstructionDataSet,https://github.com/rperrot/ReconstructionDataSet/tree/master/BurgosPuertaDeLaCoroneria,10,"0,16",no,Attribution-NonCommercial 3.0 Unported,https://github.com/rperrot/ReconstructionDataSet/blob/master/LICENSE,https://github.com/rperrot/ReconstructionDataSet/blob/master/BurgosPuertaDeLaCoroneria/DPP_0245.JPG,JPG,,,North Transept Portal of Burgos Cathedral
CognacGardenBuilding,Canon EOS 5D Mark II,Building,Romuald Perrot rperrot,,https://github.com/rperrot/ReconstructionDataSet,https://github.com/rperrot/ReconstructionDataSet/tree/master/CognacGardenBuilding,12,"0,192",no,Attribution-NonCommercial 3.0 Unported,https://github.com/rperrot/ReconstructionDataSet/blob/master/LICENSE,https://github.com/rperrot/ReconstructionDataSet/blob/master/CognacGardenBuilding/DPP_0823.jpg,JPG,,,Cognac Garden Building image set
CognacStJacquesDoor,Canon EOS 5D Mark II,Building,Romuald Perrot rperrot,,https://github.com/rperrot/ReconstructionDataSet,https://github.com/rperrot/ReconstructionDataSet/tree/master/CognacStJacquesDoor,19,"0,304",no,Attribution-NonCommercial 3.0 Unported,https://github.com/rperrot/ReconstructionDataSet/blob/master/LICENSE,https://github.com/rperrot/ReconstructionDataSet/blob/master/CognacStJacquesDoor/DPP_0803.jpg,JPG,,,Saint Jacques Door at cognac City
EchillaisChurch,Canon EOS 5D Mark II,Building,Romuald Perrot rperrot,,https://github.com/rperrot/ReconstructionDataSet,https://github.com/rperrot/ReconstructionDataSet/tree/master/EchillaisChurch,352,"5,632",no,Attribution-NonCommercial 3.0 Unported,https://github.com/rperrot/ReconstructionDataSet/blob/master/LICENSE,https://github.com/rperrot/ReconstructionDataSet/blob/master/EchillaisChurch/DPP_2118.JPG,JPG,,,Echillais Church
MirebeauStHilaireStatue,Canon EOS 5D Mark II,Statue,Romuald Perrot rperrot,,https://github.com/rperrot/ReconstructionDataSet,https://github.com/rperrot/ReconstructionDataSet/tree/master/MirebeauStHilaireStatue,22,"0,352",no,Attribution-NonCommercial 3.0 Unported,https://github.com/rperrot/ReconstructionDataSet/blob/master/LICENSE,https://github.com/rperrot/ReconstructionDataSet/blob/master/MirebeauStHilaireStatue/DPP_0001.JPG,JPG,,,"Saint Hilaire Statue in front of Mirebeau Church (Vienne, France)"
MuratoCorsicaChurch,Canon EOS 5D Mark II,Building,Romuald Perrot rperrot,,https://github.com/rperrot/ReconstructionDataSet,https://github.com/rperrot/ReconstructionDataSet/tree/master/MuratoCorsicaChurch,43,"0,688",no,Attribution-NonCommercial 3.0 Unported,https://github.com/rperrot/ReconstructionDataSet/blob/master/LICENSE,https://github.com/rperrot/ReconstructionDataSet/blob/master/MuratoCorsicaChurch/DPP_0001.JPG,JPG,,,Murato Church in Corsica
PoitiersCathedralMainEntranceDoor,Canon EOS 5D Mark II,Building,Romuald Perrot rperrot,,https://github.com/rperrot/ReconstructionDataSet,https://github.com/rperrot/ReconstructionDataSet/tree/master/PoitiersCathedralMainEntranceDoor,33,"0,528",no,Attribution-NonCommercial 3.0 Unported,https://github.com/rperrot/ReconstructionDataSet/blob/master/LICENSE,https://github.com/rperrot/ReconstructionDataSet/blob/master/PoitiersCathedralMainEntranceDoor/DPP_0735.JPG,JPG,,,Main Entrance Door of Poitiers Cathedral (France)
Historical Recontruction – Paluxy chase sequence,Scan,Animal tracks,Peter Falkingham,,https://peterfalkingham.com/resources/,https://peterfalkingham.com/resources/dinosaur-tracks/,17,"0,233",no,?,?,,JPG,DOI: 10.6084/m9.figshare.1297750.v1 ,,"Historical photographs, and associated photogrammetric reconstruction of the famous Paluxy River Chase Sequence.  Photographs were taken around the time of the excavation in 1946, and are scanned in at about 1200dpi. "
Dante statue in Piazza dei Signori in Verona ,,,,"Zephyr, Picelli-Tacconi studio",https://www.3dflow.net/3df-zephyr-reconstruction-showcase/,,,102,,,,,,,,Dataset courtesy of Picelli-Tacconi studio 
Duomo of Pisa Dataset,,,,"Zephyr, courtesy of Visual Computing Lab ",https://www.3dflow.net/3df-zephyr-reconstruction-showcase/,,,,,,,,,,,Duomo of Pisa Dataset courtesy of Visual Computing Lab 
Cherub Statue ,,,,,https://www.3dflow.net/3df-zephyr-reconstruction-showcase/,,,,,,,,,,,
body scan Dataset ,,,,,https://www.3dflow.net/3df-zephyr-reconstruction-showcase/,,,,,,,,,,,Raspberry Pi body scan Dataset courtesy of pi3dscan 
Enzo Ferrari,,,,,https://www.3dflow.net/3df-zephyr-reconstruction-showcase/,,,,,,,,,,,"Aerial survey ""Enzo Ferrari"" dept. of the Università di studi di Modena e Reggio Emilia"
Silhouette,,,,,https://www.3dflow.net/3df-zephyr-reconstruction-showcase/,,,,,,,,,,,Shape from Silhouette
Skeleton excavation,,,,,https://www.3dflow.net/3df-zephyr-reconstruction-showcase/,,,,,,,,,,,Skeleton excavation Civic Museum of Rovereto.
HESPER shipwreck,,,,,https://www.3dflow.net/3df-zephyr-reconstruction-showcase/,,,,,,,,,,,"HESPER shipwreck orthophoto Dataset courtesy of Jerry Eliason, Great Lakes Shipwreck Preservation Society"
Zeche Zollern UAV,,,,,https://www.3dflow.net/3df-zephyr-reconstruction-showcase/,,,,,,,,,,,"Zeche Zollern UAV datasets by ISPRS and EuroSDR, released in conjuction with the ISPRS scientific initiative 2014 and 2015, lead by ISPRS ICWG I/Vb"
Room Synthetic 3d Dataset,,,,Imperial College London,https://www.doc.ic.ac.uk/~ahanda/VaFRIC/iclnuim.html,,,4,,,,,,,,Living room has 3D surface ground truth together with the depth-maps as well as camera poses and as a result pefectly suits not just for bechmarking camera trajectory but also reconstruction 
Dalibor Castle in Prague and a model figure of a werewolf ,,,,,https://zenodo.org/record/1458271,,,,,Creative Commons Attribution Share Alike 4.0 International,http://creativecommons.org/licenses/by-sa/4.0/legalcode,,,,,"Two datasets for the investigation of multi-body problems in 3D reconstruction, showing a model of the Dalibor Castle in Prague and a model figure of a werewolf respectively. The objects are well-textured and moving in a well-textured space."
sofa corner ,,,,,https://zenodo.org/record/2553399,,,"0,3",Yes,,,,,,,This data set provides photographs and a continuous LIDAR scan (using the Velodyne VLP-16) of a sofa corner at Simula Research Laboratory that were created for the BUISAR project funded by the researcher council of Norway (project number 270951). A  3D reconstruction of the sofa corner was created using Meshroom (http://github.com/alicevision/meshroom) with support from the LADIO project. 
Stockholm ,,,,,https://zenodo.org/record/1434828,,,"0,3",Yes,,,,MOV,,,Shots against reflective building with lidar. Other kinds of movie-like shots to test reconstruction algorithms.
Oslo Plaza ,,,"Vrba, Stian Z.Quine AS; Skarseth, Kristian; Groven, Gunleik",,https://zenodo.org/record/1434808,,,"0,3",Yes,Creative Commons Attribution 4.0 International,http://creativecommons.org/licenses/by/4.0/legalcode,,MOV,,,"Data set for reconstruction from Oslo Plaza. Reflective surfaces, erratic camera movements. Includes shots with Theta 360 camera "
AvignonHotelDesMonnaies,Canon EOS 5D Mark II,Building,Romuald Perrot rperrot,,https://github.com/rperrot/ReconstructionDataSet,https://github.com/rperrot/ReconstructionDataSet/tree/master/AvignonHotelDesMonnaies,11,"0,176",no,Attribution-NonCommercial 3.0 Unported,https://github.com/rperrot/ReconstructionDataSet/blob/master/LICENSE,https://github.com/rperrot/ReconstructionDataSet/blob/master/AvignonHotelDesMonnaies/DPP_0001.JPG,JPG,,,Hotel des Monnaies facade building in Avignon (France)
Gravel Quarry,,Aerial,sensefly,sensefly,https://www.sensefly.com/education/datasets/,https://www.sensefly.com/education/datasets/?dataset=5577,136,,,,,,,,,"This gravel quarry in Johnson, Vermont (USA) was surveyed with an eBee X drone carrying a senseFly Aeria X camera. The flight height was planned at 122 m (400ft) AED at an estimated GSD of 2.54cm/pix (1 inch). However, because of the depth of the quarry, the final GSD was 3.59 cm (1.41 in)/pixel."
Quarry Rock Face,,Aerial,sensefly,sensefly,https://www.sensefly.com/education/datasets/,,,,,,,,,,,
Quarry,,Aerial,sensefly,sensefly,https://www.sensefly.com/education/datasets/,,,,,,,,,,,
Construction Site,,Aerial,dronedata.com,dronedata.com,http://products.dronedata.com/demo/,,28,,,,,,,,,
Swiss Quarry,,Aerial,dronedata.com,dronedata.com,http://products.dronedata.com/demo/,,127,,,,,,,,,
